Month,Year,Consumer Confidence Index TX,Consumer Confidence West South Central,Consumer Confidence Index US,PCE Deflator,Consumer Price Index TX,Consumer Price Index U.S.,CPI U.S. Ex Food and Energy,Nonfarm Employment TX,Nonfarm Employment U.S.,Unemployment TX,Unemployment U.S.,Single Family Building Permits TX,Multi Family Building Permits TX,Existing Single Family Home Sales TX,Existing Single Family Home Price TX,Non Residential Building Construction,Total Sales Tax Collections Retail TX,Total Sales Tax Collections TX,Retail Gasoline Price TX,Retail Diesel Price TX,Nonfarm Employment Illinois,Nonfarm Employment Florida,Nonfarm Employment New York,Nonfarm Employment Texas,Nonfarm Employment California,Gross Value Crude Oil Production,Gross Value Natural Gas Production,Motor Fuel Taxed Gasoline,Motor Fuel Taxed Diesel
1,2005,,,,,,,,,,,,,,,,,,,,,5826.8,7645.5,8489.7999999999993,9603.7999999999993,14880.7,,,,
2,2005,,,,,,,,,,,,,,,,,,,,,5834.9,7668.7,8486.6,9619,14914.2,,,,
3,2005,,,,,,,,,,,,,,,,,,,,,5833.4,7668.1,8484.1,9637.2999999999993,14932.4,,,,
4,2005,,,,,,,,,,,,,,,,,,,,,5857.4,7713.4,8521.5,9677.7000000000007,14981.9,,,,
5,2005,,,,,,,,,,,,,,,,,,,,,5854.9,7752.1,8510.5,9691.7000000000007,14986.9,,,,
6,2005,,,,,,,,,,,,,,,,,,,,,5839.1,7752.1,8513.9,9695.4,15000.8,,,,
7,2005,,,,,,,,,,,,,,,,,,,,,5874.7,7810.5,8531.2999999999993,9760.5,15063.3,,,,
8,2005,,,,,,,,,,,,,,,,,,,,,5879.2,7840.8,8540.7000000000007,9776.2000000000007,15095.4,,,,
9,2005,,,,,,,,,,,,,,,,,,,,,5884.4,7870.8,8553.5,9805.6,15132.2,,,,
10,2005,,,,,,,,,,,,,,,,,,,,,5878.9,7870.8,8528.9,9820.2999999999993,15145.6,,,,
11,2005,,,,,,,,,,,,,,,,,,,,,5887.3,7880.1,8543.9,9866.1,15186.4,,,,
12,2005,,,,,,,,,,,,,,,,,,,,,5888.4,7898.5,8554.2999999999993,9886.7000000000007,15215.8,,,,
1,2006,,,,,,,,,,,,,,,,,,,,,5898.8,7906.2,8561.2999999999993,9924.6,15214.3,,,,
2,2006,,,,,,,,,,,,,,,,,,,,,5914.5,7920.2,8563.6,9945.2000000000007,15250.8,,,,
3,2006,,,,,,,,,,,,,,,,,,,,,5921.6,7949.9,8580.5,9984.9,15262.2,,,,
4,2006,,,,,,,,,,,,,,,,,,,,,5921.7,7960.1,8591.7999999999993,9996.4,15270.6,,,,
5,2006,,,,,,,,,,,,,,,,,,,,,5920.3,7976,8592.2000000000007,10022.799999999999,15313.5,,,,
6,2006,,,,,,,,,,,,,,,,,,,,,5936,7989.6,8601.2000000000007,10047.299999999999,15344.3,,,,
7,2006,,,,,,,,,,,,,,,,,,,,,5935.3,7995.9,8598.1,10056.200000000001,15341.4,,,,
8,2006,,,,,,,,,,,,,,,,,,,,,5943.6,8017.3,8600.7000000000007,10100.299999999999,15372,,,,
9,2006,,,,,,,,,,,,,,,,,,,,,5945,8020.7,8617.4,10135.799999999999,15381.9,,,,
10,2006,,,,,,,,,,,,,,,,,,,,,5936.7,8016,8628.2000000000007,10149.5,15376.5,,,,
11,2006,,,,,,,,,,,,,,,,,,,,,5941.1,8022.5,8645.7999999999993,10177.4,15375.1,,,,
12,2006,,,,,,,,,,,,,,,,,,,,,5950.8,8033.7,8667,10212,15388.9,,,,
1,2007,,127.6,110.2,95.688999999999993,184.54900000000001,202.416,208.00899999999999,10.231999999999999,137.506,4.4,4.6,9413,4008,17379,136964,1305,874,1773.6,2.1,2.4,5967.9,8037.7,8684.6,10232,15416.2,$1433.71,$3731.72,982.7,307.1
2,2007,,130,111.2,96.004999999999995,185.37,203.499,209.11199999999999,10.269,137.596,4.3,4.5,10308,5413,20448,139508,1799.9,786.3,1658.9,2.1,2.4,5958.7,8040.4,8687.7000000000007,10269.299999999999,15438.5,$1455.88,$3097.03,942.0,305.6
3,2007,,129.80000000000001,108.2,96.34,186.417,205.352,209.923,10.311,137.785,4.3,4.4,12441,3974,26279,143323,1634,779.7,1540.5,2.4,2.6,5978,8053.3,8698.9,10311.200000000001,15472.4,$1668.14,$3367.99,898.2,311.0
4,2007,,127.8,106.3,96.527000000000001,187.804,206.68600000000001,210.31100000000001,10.335000000000001,137.864,4.2,4.5,11084,2438,25294,144986,1819.7,840.9,1743.8,2.7,2.8,5977.2,8038.1,8690.4,10334.5,15431,$1703.75,$3875.43,987.9,376.7
5,2007,,132.9,108.5,96.798000000000002,188.55699999999999,207.94900000000001,210.316,10.359,138.00700000000001,4.2,4.4,11531,4926,29497,147725,1451.1,860.6,1794.3,3,2.7,5982.8,8029.1,8705,10359.4,15444,$1712.18,$3782.04,1003.1,253.6
6,2007,,125.1,105.3,96.997,189.03100000000001,208.352,210.47399999999999,10.394,138.08500000000001,4.2,4.6,10260,6117,29714,153398,2297.6,794.8,1642,2.9,2.8,5985.6,8026.9,8717.4,10394.299999999999,15464.1,$1730.19,$4222.67,1022.8,333.5
7,2007,,131.5,111.9,97.141000000000005,189.21,208.29900000000001,210.756,10.414999999999999,138.05199999999999,4.2,4.7,9987,5841,28516,150659,1368.8,804.4,1698.1,2.9,2.8,5982.6,7995.1,8720.1,10414.700000000001,15502.8,$2036.21,$4194.30,998.2,332.9
8,2007,,118.9,105.6,97.224999999999994,189.154,207.917,211.11099999999999,10.432,138.02799999999999,4.3,4.6,9642,5476,28874,151148,1813.7,891.8,1866,2.7,2.8,5976.7,7983.3,8718.4,10431.5,15481.2,$2007.83,$3953.61,994.1,327.0
9,2007,,121,99.5,97.600999999999999,189.589,208.49,211.62799999999999,10.45,138.11600000000001,4.3,4.7,7575,3534,20488,145475,1582.8,786.2,1627.7,2.7,2.9,5977.4,7965.2,8722.2000000000007,10449.6,15476.9,$2119.77,$3609.24,1041.9,367.9
10,2007,,127.7,95.2,97.882999999999996,190.28899999999999,208.93600000000001,212.31800000000001,10.481999999999999,138.20099999999999,4.3,4.7,7960,4496,21132,142247,1900.6,792.9,1660.9,2.7,3,5976.5,7947.1,8748.4,10482.200000000001,15461.5,$2427.43,$3396.69,958.8,322.3
11,2007,,122.56,87.8,98.373000000000005,191.02500000000001,210.17699999999999,212.435,10.505000000000001,138.316,4.3,4.7,6516,5064,19847,143518,1307.3,945.9,1900.8,2.9,3.3,5984,7942,8760.9,10505.4,15464.3,$2566.51,$4035.04,1025.7,371.5
12,2007,,119.5,90.6,98.638000000000005,191.50899999999999,210.036,212.35599999999999,10.529,138.41300000000001,4.3,5,5661,5416,19310,146159,1223.7,971.7,1838.7,2.9,3.3,5985.2,7931.8,8768.2999999999993,10528.5,15472.5,$2480.04,$4322.36,965.8,342.4
1,2008,,125.3,87.3,98.894000000000005,192.125,211.08,213.13800000000001,10.564,138.43199999999999,4.3,5,6376,6744,15023,137649,8977.9,892.1,1865.2,2.9,3.3,5992.5,7896.2,8788.7999999999993,10563.6,15441,$2640.10,$4567.82,985.8,313.7
2,2008,,106.28,76.400000000000006,99.11,192.61799999999999,211.69300000000001,213.86600000000001,10.593999999999999,138.346,4.3,4.9,7154,3279,18552,141366,1891.7,855.5,1805.1,2.9,3.3,5988.2,7889.2,8794.7999999999993,10593.6,15444.4,$2534.70,$4649.66,954.2,343.2
3,2008,,97.48,65.900000000000006,99.415999999999997,193.904,213.52799999999999,214.86600000000001,10.586,138.268,4.4,5.1,7569,5264,21359,145572,1905.7,812.2,1652.8,3.1,3.8,5979.7,7861.3,8792.7000000000007,10585.6,15428.8,$2952.04,$4784.87,940.6,324.1
4,2008,,91.28,62.8,99.653999999999996,194.298,214.82300000000001,215.059,10.606,138.05799999999999,4.4,5,8489,4453,22593,145572,1671,800.8,1713.8,3.4,4,5978.5,7808.2,8810.6,10605.7,15441,$3148.31,$5734.89,1010.4,281.1
5,2008,,82.64,58.1,100.09099999999999,196.37100000000001,216.63200000000001,215.18,10.614000000000001,137.87299999999999,4.5,5.4,7577,3978,24980,149290,1890.8,894.4,1877.5,3.7,4.4,5974.3,7773.3,8799.5,10613.7,15412,$3570.03,$5901.94,975.8,343.1
6,2008,,82.76,51,100.786,198.982,218.815,215.553,10.622,137.708,4.7,5.6,7619,3070,25324,153300,2391.9,853.7,1778.6,3.9,4.6,5965,7742.7,8798.6,10622,15375.7,$3707.99,$7042.02,1018.3,331.5
7,2008,,80.040000000000006,51.9,101.218,200.49799999999999,219.964,216.04499999999999,10.635999999999999,137.499,4.8,5.8,7347,4712,24599,151540,1856.2,828.6,1874.9,3.9,4.7,5960.3,7703.4,8807.4,10636.1,15342.8,$3878.40,$7402.11,954.0,321.3
8,2008,,92.78,58.5,101.13500000000001,199.15600000000001,219.08600000000001,216.476,10.638999999999999,137.233,5,6.1,6315,5585,23411,150170,2205.3000000000002,907.9,2008,3.6,4.3,5950.9,7668.4,8799.2000000000007,10639.4,15286.3,$3364.07,$5956.22,982.3,342.5
9,2008,,93.02,61.4,101.236,199.17,218.78299999999999,216.86199999999999,10.611000000000001,136.78100000000001,5.1,6.1,4859,4551,18552,143714,2330.6999999999998,778,1687.5,3.6,4,5930.1,7636.1,8776.7999999999993,10610.5,15252.5,$2809.50,$4551.51,1054.7,248.6
10,2008,,76.98,38.799999999999997,100.684,197.47200000000001,216.57300000000001,217.023,10.621,136.30799999999999,5.3,6.5,5038,3077,17476,141171,1626.9,747.4,1746.3,2.9,3.5,5910,7581.1,8754.1,10621.4,15146.3,$2226.67,$4181.09,852.3,377.9
11,2008,,64.959999999999994,44.7,99.545000000000002,193.76499999999999,212.42500000000001,216.69,10.61,135.53899999999999,5.6,6.8,3283,1579,13215,136182,2097.3000000000002,949.9,1989.3,2,2.8,5882.7,7533.8,8726.6,10610.2,15054.1,$1609.41,$3359.55,1018.0,343.5
12,2008,,65.900000000000006,38.6,99.007000000000005,191.95599999999999,210.22800000000001,216.1,10.58,134.84399999999999,5.8,7.3,3220,2351,16582,139508,1800.3,985.8,1875.9,1.6,2.4,5851.3,7486.7,8699.2000000000007,10579.8,14970.4,$1107.32,$3615.25,963.2,283.5
1,2009,,64.400000000000006,37.4,99.067999999999998,192.68100000000001,211.143,216.71899999999999,10.523999999999999,134.053,6.1,7.8,3769,2784,11121,130899,1435.5,867.8,1937.3,1.6,2.2,5801.6,7417.2,8659,10524.3,14854.7,$1081.41,$3339.76,1023.2,294.7
2,2009,,50.7,25.3,99.284000000000006,193.791,212.19300000000001,217.685,10.465999999999999,133.35,6.3,8.300000000000001,4207,1883,13847,137160,1415,854.7,1756.3,1.8,2.1,5765.2,7360.4,8631.4,10465.5,14733.6,$898.88,$2273.82,965.3,291.5
3,2009,,46.4,26.9,99.192999999999998,194.23400000000001,212.709,218.63900000000001,10.4,132.52699999999999,6.5,8.699999999999999,5189,1573,17345,138529,997,777.9,1589.1,1.8,2.1,5723.9,7311.8,8594.7000000000007,10400.4,14639.1,$1269.21,$2265.11,916.6,281.8
4,2009,,71,40.799999999999997,99.34,195.12,213.24,219.143,10.327999999999999,131.84100000000001,6.7,9,5378,2095,17733,141757,1432.7,788.3,1660.8,2,2.2,5674.8,7265.3,8524.4,10328.4,14539.6,$1357.13,$2138.89,1019.0,305.7
5,2009,,73.5,54.8,99.474000000000004,194.78,213.85599999999999,219.12799999999999,10.311999999999999,131.49,7.6,9.4,5498,1253,19790,148018,1948.4,889.7,1778.6,2.2,2.2,5665.6,7244.9,8532.5,10312.200000000001,14493.4,$1620.74,$2157.24,989.9,289.8
6,2009,,75.099999999999994,49.3,100.06699999999999,196.67400000000001,215.69300000000001,219.28299999999999,10.284000000000001,131.02000000000001,8.1,9.5,6680,1399,22693,153692,1703.8,811.2,1579.4,2.5,2.5,5641.2,7221.1,8516.2000000000007,10283.9,14428.7,$1877.98,$2272.97,1026.3,291.9
7,2009,,71,47.4,100.02,196.34200000000001,215.351,219.35,10.253,130.691,8.300000000000001,9.5,6930,541,23335,151931,1811,757.9,1657.9,2.4,2.5,5623.6,7193.8,8547.7000000000007,10252.700000000001,14321.9,$1773.91,$2353.45,1013.6,293.2
8,2009,,75,54.5,100.288,196.4,215.834,219.596,10.226000000000001,130.47900000000001,8.4,9.6,6057,1314,20634,148703,1262.5,885,1755.9,2.5,2.6,5607.3,7173.8,8530.9,10226.200000000001,14272.5,$1966.85,$2259.07,1025.9,297.6
9,2009,,82.5,53.4,100.45399999999999,196.804,215.96899999999999,220.137,10.223000000000001,130.26,8.4,9.800000000000001,5549,1603,19374,146355,1601.9,731.7,1476.2,2.4,2.5,5599.5,7155,8491.2000000000007,10223.299999999999,14224.3,$1873.04,$1875.41,1021.0,292.0
10,2009,,72.900000000000006,48.7,100.764,196.80199999999999,216.17699999999999,220.73099999999999,10.215999999999999,130.06,8.4,10,4926,200,20272,141660,1794.3,718,1523.2,2.4,2.6,5589.7,7150.5,8481.4,10215.9,14256.8,$2129.31,$2462.08,961.1,281.8
11,2009,,64.900000000000006,50.6,100.997,196.851,216.33,220.38399999999999,10.214,130.053,8.300000000000001,9.9,4473,1090,18710,141268,1111.5,890.2,1701.6,2.5,2.7,5592.6,7145.4,8482.9,10214.4,14247.1,$2148.25,$2690.11,991.0,288.4
12,2009,,72.099999999999994,53.6,101.05200000000001,196.267,215.94900000000001,220.02500000000001,10.208,129.774,8.300000000000001,9.9,5057,989,16914,143225,1078.5999999999999,920.2,1658,2.5,2.7,5583.7,7128,8483.7999999999993,10207.700000000001,14220.1,$2079.93,$3067.10,963.3,267.4
1,2010,,72.3,56.5,101.23399999999999,196.846,216.68700000000001,220.08600000000001,10.233000000000001,129.80199999999999,8.300000000000001,9.800000000000001,4893,1115,10797,135888,1387.4,817,1661.4,2.6,2.8,5584.3,7129.8,8487.7999999999993,10232.9,14200.1,$2202.61,$3715.74,992.8,287.6
2,2010,,74.099999999999994,46.4,101.248,197.28399999999999,216.74100000000001,220.602,10.242000000000001,129.733,8.300000000000001,9.800000000000001,5782,411,13781,139997,798.5,804.2,1601.2,2.5,2.7,5587.3,7129.3,8482.5,10241.5,14186.5,$1979.19,$3177.12,945.5,289.6
3,2010,,74.900000000000006,52.3,101.363,197.59200000000001,217.631,221.059,10.272,129.89599999999999,8.300000000000001,9.9,7837,1596,20465,142833,1035.9000000000001,757.3,1466,2.6,2.9,5586.3,7136.2,8504,10271.5,14193.2,$2403.72,$3138.79,913.6,273.8
4,2010,,70.7,57.7,101.349,198.185,218.00899999999999,221.166,10.289,130.13900000000001,8.199999999999999,9.9,6557,1659,22893,145475,1406.9,823,1682.7,2.7,3,5595,7155,8535.4,10288.6,14279.2,$2440.12,$2643.92,1032.9,327.8
5,2010,,76.48,62.66,101.392,198.148,218.178,221.19300000000001,10.351000000000001,130.661,8.1,9.6,5726,1533,23812,146844,1425.1,905.4,1781.4,2.7,3,5618,7198.3,8579,10350.799999999999,14329.2,$2181.01,$2852.79,1002.8,315.8
6,2010,,66.400000000000006,54.3,101.447,198.322,217.965,221.26499999999999,10.353,130.52799999999999,8,9.4,5977,1826,22864,150953,1374.1,802.1,1614.6,2.6,2.9,5609.8,7185.6,8577.2000000000007,10352.700000000001,14318.8,$2084.43,$2732.36,1060.4,313.5
7,2010,,66,51,101.569,197.501,218.011,221.25800000000001,10.343,130.458,8,9.4,5007,2130,17336,153007,1020.7,816,1692.6,2.6,2.9,5600.1,7189.4,8567.1,10343,14300.4,$2236.90,$3027.87,1028.3,319.0
8,2010,,68.599999999999994,53.2,101.71299999999999,197.834,218.31200000000001,221.55099999999999,10.353,130.42400000000001,8,9.5,5217,1956,17831,151735,1103.5,847.7,1771.4,2.6,2.9,5616.2,7188.6,8542.4,10352.5,14285.2,$2322.32,$3019.76,1034.2,311.4
9,2010,,68,48.6,101.807,198.58099999999999,218.43899999999999,221.90700000000001,10.349,130.37200000000001,8,9.5,4257,2215,16050,145572,2795.4,769.6,1576.6,2.5,2.9,5617.6,7168.2,8532,10348.700000000001,14269.9,$2250.62,$2543.59,1053.6,310.2
10,2010,,71.8,49.9,102.045,198.614,218.71100000000001,222.07900000000001,10.407,130.62899999999999,8,9.4,3728,1025,14990,143518,918.6,765.7,1623,2.6,3,5635.5,7194.8,8563.7000000000007,10407.1,14332.4,$2555.35,$2736.33,1001.6,318.5
11,2010,,82.1,57.8,102.211,198.172,218.803,222.077,10.412000000000001,130.75200000000001,8,9.800000000000001,4017,2204,14398,145083,600.9,931.8,1849.7,2.7,3.1,5640,7196.2,8576.7999999999993,10411.799999999999,14334.6,$2604.86,$2523.01,1031.7,322.2
12,2010,,81.099999999999994,63.4,102.455,197.99600000000001,219.179,221.79499999999999,10.438000000000001,130.84,8,9.300000000000001,4193,1348,16423,149485,2343.3000000000002,967,1813.6,2.8,3.2,5643.7,7200.3,8583.5,10437.9,14354.9,$2923.62,$3128.90,1044.4,308.8
1,2011,,74.400000000000006,64.8,102.685,199.30199999999999,220.22300000000001,222.17699999999999,10.452,130.88200000000001,8,9.1,4215,928,11228,138000,997.7,862.5,1835.3,2.9,3.3,5647.1,7213.6,8611.4,10451.5,14366.8,$2972.84,$3065.63,962.7,314.8
2,2011,,80.8,72,102.96599999999999,200.71299999999999,221.309,223.011,10.456,131.07,7.9,9,4237,2248,12603,144000,965.9,846.4,1756.1,3.1,3.5,5650,7210.5,8615.7999999999993,10455.9,14371.7,$2493.72,$2700.34,965.0,304.3
3,2011,,61.1,63.8,103.35599999999999,203.05699999999999,223.46700000000001,223.69,10.494,131.29499999999999,7.8,9,6355,2044,18237,142500,1309,808.4,1611.4,3.4,3.8,5659.9,7216.6,8626.9,10493.9,14371.3,$3473.44,$3056.62,884.4,284.7
4,2011,,69.506,66,103.80800000000001,204.96199999999999,224.90600000000001,224.11799999999999,10.534000000000001,131.64099999999999,7.8,9.1,5688,2578,18727,144500,1614.9,868.3,1874.2,3.7,4,5674.4,7251.3,8660.9,10534.1,14395.2,$3692.14,$3266.78,1039.3,336.7
5,2011,,78.548000000000002,61.7,104.14400000000001,205.68299999999999,225.964,224.53399999999999,10.537000000000001,131.714,7.8,9,5679,1256,20254,149000,1225.4000000000001,947,1958.6,3.8,4,5665.7,7239.6,8646.6,10537,14397.9,$3639.07,$3500.83,1006.6,321.3
6,2011,,75.5,57.6,104.179,204.94,225.72200000000001,224.89099999999999,10.558999999999999,131.94900000000001,7.8,9.1,5910,3532,22671,152000,1720,836,1729.9,3.5,3.9,5670.5,7232.1,8649,10559.2,14391.7,$3418.22,$3364.03,1026.9,322.7
7,2011,,78.900000000000006,59.2,104.38,205.04499999999999,225.922,225.16399999999999,10.593,132.01900000000001,7.8,9,5149,3206,20221,150368,976.3,844.7,1867.8,3.5,3.9,5679.3,7258.7,8684.1,10592.5,14442.2,$3617.08,$3565.15,1013.5,335.5
8,2011,,71.599999999999994,45.2,104.61799999999999,205.81100000000001,226.54499999999999,225.874,10.609,132.126,7.7,9,5976,4362,21905,151000,1716.1,929.8,1982.9,3.5,3.8,5687.4,7259.2,8686.5,10608.7,14452.6,$3331.56,$3478.13,1016.9,306.2
9,2011,,69.3,46.4,104.78700000000001,206.00399999999999,226.88900000000001,226.28899999999999,10.625,132.37200000000001,7.6,9,5185,1830,18483,147408,937.6,811.3,1761.2,3.4,3.8,5689.3,7274,8692.9,10624.7,14484.2,$3323.95,$3239.87,1036.9,341.6
10,2011,,50.4,40.9,104.851,205.11099999999999,226.42099999999999,226.74299999999999,10.628,132.57400000000001,7.5,8.800000000000001,4744,3477,16396,145000,870.3,815.6,1881.5,3.3,3.7,5688.7,7278,8690,10628.4,14493.5,$3606.69,$3265.77,988.5,327.3
11,2011,,91,55.2,104.999,205.256,226.23,226.85900000000001,10.647,132.72,7.3,8.6,4426,1668,15541,145000,1408.2,1003.9,2075,3.2,3.9,5693.7,7289.2,8706.6,10646.9,14517.9,$4100.19,$3047.89,1018.1,334.3
12,2011,,78.108000000000004,64.757000000000005,105.018,204.62200000000001,225.672,226.74,10.676,132.92699999999999,7.2,8.5,4397,3733,17146,149900,1018.4,1025.5,1986.6,3.1,3.8,5701,7304.4,8727.7999999999993,10675.5,14548.9,$4339.62,$3034.56,989.5,318.9
1,2012,,89.855000000000004,61.511000000000003,105.325,205.28100000000001,226.66499999999999,227.23699999999999,10.715999999999999,133.26499999999999,7.1,8.300000000000001,5230,4654,12527,138000,1050.0999999999999,888.3,2009.9,3.2,3.8,5717.8,7323.5,8744.7000000000007,10716,14602.8,$4552.64,$2757.83,1019.4,321.8
2,2012,,90.2,71.599999999999994,105.56,207.208,227.66300000000001,227.86500000000001,10.738,133.52199999999999,6.9,8.300000000000001,5752,3268,15334,145000,898.1,906.8,2015.9,3.5,3.9,5724.3,7332.5,8770.2000000000007,10738,14614.8,$4454.25,$2279.25,964.9,322.3
3,2012,,84,69.5,105.804,209.23,229.392,228.73500000000001,10.78,133.761,6.9,8.199999999999999,6385,4246,19924,152900,1222.5,898.8,1881.9,3.7,4,5742.7,7351.4,8786.9,10779.9,14658.2,$5020.93,$2378.41,956.9,314.3
4,2012,,89.8,68.7,105.943,209.67400000000001,230.08500000000001,229.303,10.807,133.83600000000001,6.8,8.199999999999999,6839,3414,20660,155000,1032.2,975.3,2079.1999999999998,3.8,4,5739,7375.1,8777.5,10807.2,14672.8,$4906.96,$2139.99,1050.9,348.3
5,2012,,90.4,64.400000000000006,105.86799999999999,209.036,229.815,229.602,10.835000000000001,133.95099999999999,6.8,8.199999999999999,7344,4624,24193,160000,1003.4,947.2,2102.6999999999998,3.5,3.9,5737.6,7376.6,8789.9,10835.2,14708.6,$4676.43,$2028.56,1018.9,328.8
6,2012,104.8,95.6,62.7,105.84399999999999,208.37200000000001,229.47800000000001,229.87899999999999,10.865,134.03800000000001,6.7,8.199999999999999,6821,4244,25307,163900,1450.6,943.4,1992.1,3.3,3.7,5746.9,7390.7,8785.7999999999993,10864.8,14758.4,$4011.27,$1961.60,1065.5,347.7
7,2012,93.7,92.6,65.400000000000006,105.88,207.881,229.10400000000001,229.893,10.88,134.18100000000001,6.6,8.199999999999999,6716,5017,24132,162000,1254.3,864.4,2056.8000000000002,3.3,3.6,5745.6,7397.5,8776.1,10879.6,14778.8,$4599.02,$2336.97,1038.0,338.8
8,2012,75.099999999999994,74.900000000000006,61.3,106.238,208.20099999999999,230.37899999999999,230.196,10.922000000000001,134.37100000000001,6.5,8.1,7195,7056,25786,159900,1292.7,981.4,2348.4,3.5,3.9,5760.5,7408,8796.2999999999993,10922.3,14803.3,$5100.41,$2573.92,1034.6,338.2
9,2012,83.7,78.5,68.400000000000006,106.57599999999999,209.45099999999999,231.40700000000001,230.78,10.955,134.55199999999999,6.5,7.8,5929,3147,19965,157500,1393.7,864.7,1966.3,3.6,4,5769.4,7423.4,8816.2000000000007,10955.3,14823.3,$5106.95,$2324.52,1063.7,355.0
10,2012,92,84.2,73.099999999999994,106.886,209.04400000000001,231.31700000000001,231.27600000000001,10.98,134.684,6.4,7.8,6593,5008,20919,155000,1372.2,860.4,2036.6,3.5,4,5763.6,7448.5,8829.7999999999993,10980,14863.9,$5227.06,$2629.16,993.1,331.5
11,2012,103.2,97.8,71.5,106.768,208.036,230.221,231.26300000000001,11.009,134.833,6.4,7.7,5618,3983,19024,158000,1151.9000000000001,1080.4000000000001,2346.4,3.2,3.9,5778.6,7459.4,8803.4,11009.3,14900,$5043.81,$2765.76,1047.3,386.9
12,2012,99.6,95.9,66.7,106.758,207.40199999999999,229.601,231.03299999999999,11.037000000000001,135.07599999999999,6.4,7.9,5111,5596,19456,161000,1436.4,1033.5,2172.8000000000002,3.1,3.9,5778.5,7469.4,8844,11037.4,14924.4,$5140.10,$2820.73,1008.4,310.8
1,2013,96.1,95.3,58.4,106.922,208.386,230.28,231.61199999999999,11.042,135.26599999999999,6.4,8,6596,4034,15590,148500,1307.4000000000001,965.8,2133.5,3.2,3.8,5781.1,7485,8852.9,11041.9,14965.1,$5582.28,$2693.84,1018.1,325.9
2,2013,93.8,87.3,68,107.333,210.58099999999999,232.166,232.43199999999999,11.098000000000001,135.577,6.4,7.7,6644,4721,17474,155000,945.4,878.9,2091.4,3.5,4,5793.6,7507.3,8870.7000000000007,11097.6,15004.2,$5166.71,$2470.36,973.2,329.4
3,2013,99.7,90.1,61.9,107.244,211.35900000000001,232.773,233.05199999999999,11.127000000000001,135.71199999999999,6.4,7.5,7471,4021,23433,162500,1335.6,990.2,1986.5,3.6,4,5793.2,7521.2,8889.1,11127,15035.5,$6059.01,$2796.89,933.7,289.5
4,2013,119.9,106.3,69,107.128,211.87299999999999,232.53100000000001,233.23599999999999,11.144,135.904,6.3,7.6,8590,4529,25705,169950,1214.8,987,2161.6999999999998,3.4,3.8,5779.4,7534.6,8914.2000000000007,11144.1,15076.9,$5995.56,$3023.78,1069.6,368.4
5,2013,96.8,94.8,74.3,107.244,211.773,232.94499999999999,233.46199999999999,11.162000000000001,136.12200000000001,6.2,7.5,8088,4106,29628,175000,1412.3,968,2268.4,3.4,3.8,5792.3,7549.4,8910.4,11161.8,15106.9,$6493.93,$3242.38,1035.8,348.6
6,2013,117.3,98.9,82.1,107.479,212.03399999999999,233.50399999999999,233.64,11.192,136.268,6.1,7.5,7719,3285,28130,179000,1457.8,980.5,2173.6999999999998,3.4,3.8,5798.3,7572.7,8917.6,11191.7,15126.5,$6299.35,$3054.51,1081.5,360.5
7,2013,116.9,109.8,81,107.587,212.47,233.596,233.792,11.217000000000001,136.40799999999999,6.1,7.3,8060,4717,30112,178000,2252.8000000000002,936.1,2208.6,3.4,3.8,5801.8,7590.3,8926.4,11217.1,15156.2,$7341.78,$3004.37,1059.2,340.4
8,2013,107.5,90.3,81.8,107.739,212.90799999999999,233.87700000000001,234.25800000000001,11.244,136.67699999999999,6,7.3,7853,3683,29532,175000,1225.0999999999999,988.4,2398.1,3.4,3.8,5817.1,7610.5,8934.2999999999993,11244,15210.3,$7615.28,$3053.96,1053.7,340.4
9,2013,114.8,103.1,80.2,107.858,212.94300000000001,234.149,234.78200000000001,11.278,136.86199999999999,5.9,7.3,6540,5382,23958,170000,1919.3,911.1,2020.3,3.3,3.9,5816.9,7626,8967.7999999999993,11278.3,15225.1,$7454.13,$2993.75,1091.8,357.9
10,2013,96.2,89.1,72.400000000000006,108,212.148,233.54599999999999,235.16200000000001,11.292999999999999,137.05099999999999,5.9,7.2,7117,7852,22704,169900,1886.5,884.9,2145.8000000000002,3.1,3.8,5815.7,7643.3,8982.1,11292.9,15267,$7218.48,$3112.08,1017.9,323.1
11,2013,113.2,96.8,72,108.071,211.40700000000001,233.06899999999999,235.24299999999999,11.324,137.34200000000001,5.8,6.9,5903,3982,19672,169900,1423,1094.8,2412.3000000000002,3,3.8,5827.4,7664.9,9001.2000000000007,11324.1,15319.4,$6301.43,$2954.02,1075.5,362.0
12,2013,110,104.7,77.5,108.254,212.62299999999999,233.04900000000001,235,11.335000000000001,137.387,5.7,6.7,5777,6496,21467,174000,1126.0999999999999,1114.2,2257.5,3.1,3.8,5834.8,7682.4,8999.7999999999993,11335,15345.9,$6979.01,$3199.17,1026.2,340.5
1,2014,104.509,95.850999999999999,79.41,108.42100000000001,213.44300000000001,233.916,235.36699999999999,11.368,137.57400000000001,5.6,6.6,7395,4933,15847,163000,2588.6999999999998,1097,2311.8000000000002,3.1,3.8,5837.2,7701.5,8994,11368.2,15385,$7079.28,$3667.33,1027.7,314.7
2,2014,111.777,112.34,78.301000000000002,108.492,214.41800000000001,234.78100000000001,236.07499999999999,11.406000000000001,137.74199999999999,5.5,6.7,7552,4611,18540,172500,1303.4000000000001,968.3,2213.1999999999998,3.1,3.8,5840.3,7720.7,9020.1,11405.7,15420.8,$6910.75,$3918.88,1015.2,354.6
3,2014,108.685,104.223,83.861000000000004,108.708,215.91200000000001,236.29300000000001,236.91300000000001,11.433,138.01400000000001,5.4,6.7,8579,3474,23212,176300,2408,980.8,2098.3000000000002,3.3,3.8,5850.2,7740,9036.7000000000007,11432.5,15456.2,$7799.42,$3847.20,963.6,329.8
4,2014,120.1,111.7,81.7,108.907,216.37299999999999,237.072,237.50899999999999,11.481999999999999,138.32400000000001,5.3,6.2,9373,8851,25472,179000,5677.7,935.1,2283.6,3.5,3.8,5862.9,7772,9062,11481.5,15497.9,$7864.32,$3681.81,1085.6,374.1
5,2014,131.19999999999999,122,82.2,109.145,216.822,237.9,238.029,11.516999999999999,138.53700000000001,5.2,6.2,9067,6472,28856,185000,1932.4,1113.8,2461.5,3.5,3.8,5872.8,7792.6,9081.7999999999993,11517,15530.8,$7994.94,$3871.69,1073.8,372.3
6,2014,113.1,107.4,85.2,109.297,217.333,238.34299999999999,238.15700000000001,11.542999999999999,138.84299999999999,5.1,6.1,9250,3705,30343,190500,4519.3,1022.3,2254.4,3.5,3.8,5879.8,7807.8,9096.7999999999993,11542.9,15558,$8297.33,$3748.18,1109.9,374.6
7,2014,117.155,106.63500000000001,90.332999999999998,109.428,217.06399999999999,238.25,238.13800000000001,11.57,139.07499999999999,5,6.2,9270,4428,30070,189000,7650.2,998.4,2348.5,3.4,3.8,5878.9,7832.1,9108,11569.8,15566,$8626.78,$3744.42,1066.4,351.3
8,2014,121.4,111.1,93.4,109.404,216.63900000000001,237.852,238.29599999999999,11.6,139.29300000000001,4.9,6.2,8582,6699,29086,187000,3907.4,1086.5999999999999,2578.5,3.3,3.7,5890.8,7854.5,9122.7999999999993,11600.4,15636.4,$8203.61,$3440.31,1100.7,395.1
9,2014,121.8,109.7,89,109.49,216.822,238.03100000000001,238.84100000000001,11.635999999999999,139.57900000000001,4.8,6,8011,6397,25638,183000,2494.1999999999998,977.6,2180.6,3.2,3.7,5891.1,7879.2,9132.2000000000007,11636.1,15676.2,$7622.22,$3385.38,1117.7,375.7
10,2014,128.4,116.7,94.1,109.51,216.81,237.43299999999999,239.41300000000001,11.685,139.779,4.7,5.7,8400,4917,25608,180000,2350.3000000000002,1019.1,2424.1999999999998,3,3.6,5909.2,7908.1,9146.6,11684.6,15720.8,$7309.17,$3309.25,1049.2,360.4
11,2014,119.8,112,91,109.352,215.41,236.15100000000001,239.24799999999999,11.723000000000001,140.11000000000001,4.6,5.8,6479,4515,20081,182975,1876.3150000000001,1191.0609999999999,2670.4760000000001,2.694,3.537,5915.1,7933.3,9164.2999999999993,11722.5,15769.8,$6471.05,$2966.62,1137.1,408.7
12,2014,119.4,110,93.1,109.10299999999999,214.06299999999999,234.81200000000001,238.77500000000001,11.755000000000001,140.40199999999999,4.5,5.6,7837,7181,24320,189900,1732.7660000000001,1201.1690000000001,2356.0549999999998,2.304,3.312,5922.8,7953.6,9171.7999999999993,11755.4,15791.1,$5319.05,$2884.29,1060.3,372.4
1,2015,116.6,108.7,103.8,108.59399999999999,213.035,233.70699999999999,239.24799999999999,11.775,140.62299999999999,4.4,5.7,7930,4591,16335,177706,1552.261,1064.25,2570.4450000000002,1.889,2.91,5918.1,7979.8,9186.2000000000007,11775.1,15827.7,$4081.55,$2131.16,1093.1,367.1
2,2015,121.4,115,98.8,108.776,213.05600000000001,234.72200000000001,240.083,11.794,140.88800000000001,4.4,5.5,7972,5203,18745,185000,5552.4870000000001,1094.4880000000001,2472.6469999999999,2.005,2.777,5928.1,7998.5,9193.2999999999993,11793.5,15858.4,$3914.41,$1926.02,1071.3,375.8
3,2015,127.1,118.4,101.4,109.015,214.50899999999999,236.119,241.06700000000001,11.773999999999999,140.97200000000001,4.4,5.5,9042,4118,25486,189850,2640.4789999999998,995.70600000000002,2130.2890000000002,2.221,2.749,5929.1,8014.5,9202.1,11774,15900.1,$4354.81,$2119.97,977.2,350.0
4,2015,121.4,107.4,94.3,109.08499999999999,215.184,236.59899999999999,241.80199999999999,11.78,141.22300000000001,4.4,5.4,9704,5839,26466,193500,1364.8,1026.384,2310.9780000000001,2.242,2.651,5944.6,8029.4,9209.7999999999993,11780.3,15931.3,$4842.20,$2001.19,1119.7,372.3
5,2015,130.69999999999999,120.3,94.6,109.41800000000001,216.00299999999999,237.80500000000001,242.119,11.802,141.49600000000001,4.4,5.5,8752,3123,28835,202000,1574.905,1229.356,2589.7040000000002,2.447,2.78,5958.4,8058.3,9242.2000000000007,11801.9,15966.8,$5335.56,$2015.44,1116.3,361.0
6,2015,130.6,123.4,99.8,109.67,216.57300000000001,238.63800000000001,242.35400000000001,11.816000000000001,141.72399999999999,4.4,5.3,9566,8173,32270,206000,2752.5,1031.9549999999999,2223.5650000000001,2.559,2.769,5962.3,8080,9260.6,11816.2,15998.6,$5243.07,$1971.31,1133.5,265.5
7,2015,110.2,91.4,91,109.77500000000001,216.29300000000001,238.654,242.43600000000001,11.849,142.001,4.4,5.3,9010,6027,33103,202000,1790.8440000000001,1060.4849999999999,2412.9340000000002,2.519,2.676,5970.7,8109.1,9283.7999999999993,11848.5,16114.4,$4597.79,$2034.80,1118.3,388.9
8,2015,108.9,95.5,101.3,109.753,216.50899999999999,238.316,242.65100000000001,11.863,142.15100000000001,4.4,5.1,8098,6649,30362,200000,1618.3,1182.92,2568.9160000000002,2.334,2.458,5968.6,8132.6,9283.4,11862.8,16156.3,$3750.49,$1994.25,1170.4,394.4
9,2015,118.9,107.3,102.6,109.691,215.91200000000001,237.94499999999999,243.35900000000001,11.878,142.30000000000001,4.5,5.1,8247,5676,27622,195000,2571.518,1046.3699999999999,2221.3580000000002,2.066,2.353,5972.9,8151.7,9278.1,11878,16169.9,$3898.59,$1904.52,1183.2,389.6
10,2015,115.5,105,99.1,109.774,215.989,237.83799999999999,243.98500000000001,11.894,142.595,4.5,5,8200,6420,24922,190000,3260.8780000000002,972.60900000000004,2293.422,2.006,2.322,5993.1,8181.4,9281.9,11893.8,16197.3,$2793.53,$1508.30,1075.9,297.7
2,2017,,,,,,,,,,,,,,,,,,,,,,,,,,,,,
1,2017,133,122,111.8,,,,,,145.554,,4.8,,,,,,1139.716,2450.503,2.132,2.43,,,,,,,,,
8,2016,107.5,96.1,101.8,,219.14599999999999,240.84899999999999,,12.047000000000001,144.6,4.7,4.9,9398,4864,32633,215000,2238.136,1226.2,2502.9,1.969,2.221,6008.9,8405,9386.1,12046.5,16519.599999999999,$3562.73,$1883.97,1109.3,351.7
9,2016,115.4,106.1,103.5,,219.51300000000001,241.428,,12.087999999999999,144.80799999999999,4.8,4.9,8219,4998,28319,210000,2644.8319999999999,1049.584,2298.98,1.966,2.248,6016.3,8429,9388.1,12087.6,16555.599999999999,$3463.45,$1848.48,1160.6,356.3
7,2016,103.3,100.1,96.7,,219.23,240.62799999999999,,12.032,144.42400000000001,4.6,4.9,8559,5081,30132,215850,1762.144,1121.8240000000001,2376.335,2.043,2.262,6013.9,8367.9,9397,12032,16471.2,$3574.46,$1955.29,1082.5,354.3
11,2015,105.7,98.5,92.6,109.911,215.61,237.33600000000001,244.07499999999999,11.916,142.875,4.6,5,6597,5321,19743,192000,2132.6149999999998,1248.5260000000001,2581.9349999999999,1.894,2.289,5982.5,8201.1,9293.7999999999993,11915.5,16226.4,$3270.16,$1553.24,1149.3,357.2
12,2016,138.69999999999999,112.8,113.7,,220.04499999999999,241.43199999999999,,12.141,145.303,4.6,4.7,7796,3603,26120,216000,2080.442,1294.476,2444.39,2.018,2.391,6002.6,8462.9,9413.1,12141.3,16006.6,$4026.55,,1131.2,345.9
10,2016,116.7,104.2,100.8,,220.2,241.72900000000001,,12.105,144.94999999999999,4.7,4.8,8231,3528,25305,209900,2592.6590000000001,1034.305,2134.443,2.02,2.326,6023.8,8435.4,9393.9,12105.4,16590,$4029.55,$2040.07,1176.5,323.6
11,2016,124.5,110.1,109.4,,220.06,241.35300000000001,,12.141,145.14699999999999,4.6,4.6,7441,4941,23885,214900,1461.557,1279.177,2506.018,1.944,2.311,6019.3,8463.6,9398.2999999999993,12126.3,16602.9,$3516.09,$1638.99,1183.4,363.1
6,2016,105.7,101.8,97.4,,219.37299999999999,241.018,,11.997999999999999,144.172,4.5,4.9,9829,6344,33158,220000,2195.2460000000001,1106.453,2206.6329999999998,2.13,2.292,6002.3,8331.2000000000007,9360.6,11997.9,16452.599999999999,$3786.02,$1623.73,1174.7,365.6
5,2016,120.2,103.1,92.4,110.431,218.55099999999999,240.22900000000001,247.58,11.98,143.90100000000001,4.4,4.7,9281,4258,30730,215000,1938.1679999999999,1172.4649999999999,2406.2559999999999,2.023,2.182,6005.8,8314.7000000000007,9337.5,11980.1,16419.400000000001,$3689.07,$1572.35,1135.7,343.7
4,2016,103.8,101.7,94.7,110.276,217.714,239.261,246.99199999999999,11.974,143.87700000000001,4.4,5,9022,2999,27772,205900,1729.471,1109.5160000000001,2379.3200000000002,1.89,2.024,6007.3,8287.7000000000007,9347,11973.5,16391.900000000001,$3125.80,$1396.93,1136.2,328.7
3,2016,96.8,84.7,96.1,109.93899999999999,217.15299999999999,238.13200000000001,246.358,11.962,143.733,4.3,5,9656,5737,27296,201500,2464.9299999999998,1090.2449999999999,2174.4160000000002,1.757,1.972,6006.7,8252.7999999999993,9332.9,11961.6,16321.9,$2982.60,$1345.69,1172.5,333.2
2,2016,106,95.2,94,109.872,215.92400000000001,237.11099999999999,245.68,11.971,143.547,4.3,4.9,8134,3745,20568,194994,1403.2729999999999,1090.6880000000001,2304.0639999999999,1.549,1.884,5994.3,8245.7999999999993,9320.2999999999993,11971,16316.8,$2250.99,$1325.91,1199.0,365.6
1,2016,120.4,109.7,97.8,109.965,215.226,236.916,244.52799999999999,11.962,143.31399999999999,4.5,4.9,7115,4793,17245,189000,2374.1480000000001,1135.1389999999999,2468.7440000000001,1.694,2.041,5975.7,8235.7999999999993,9298.5,11962.3,16270.1,$2544.90,$1474.30,1150.2,361.6
12,2015,101.1,96.7,96.3,109.819,214.649,236.52500000000001,243.779,11.930999999999999,143.14599999999999,4.6,5,7196,7081,25742,200000,1671.587,1194.4690000000001,2330.433,1.789,2.191,5974.2,8211.5,9298.4,11931.1,16274.1,$2793.53,$1508.30,1110.9,375.3
